donors,indices,peptide,effects,genes
AOCS-168; AOCS-115,"[1248244, 602831]",ALFVTWSTM,p.I100T; p.I100T,MT-ND5; MT-ND5
AOCS-064; AOCS-157,"[126200, 1121710]",CPTTPAPL,p.T304fs; p.R249fs,TP53; TP53
AOCS-135; AOCS-166,"[767743, 1178371]",CVFSLLAI,p.S119C; p.S119C,DNMT1 S1PR2; DNMT1 S1PR2
AOCS-168; AOCS-115,"[1248244, 602831]",FVTWSTMEF,p.I100T; p.I100T,MT-ND5; MT-ND5
AOCS-064; AOCS-157,"[126200, 1121710]",HWMENISPF,p.T304fs; p.R249fs,TP53; TP53
AOCS-135; AOCS-166,"[767743, 1178371]",ITLSACVFSL,p.S119C; p.S119C,DNMT1 S1PR2; DNMT1 S1PR2
AOCS-168; AOCS-115,"[1248244, 602831]",LFVTWSTMEF,p.I100T; p.I100T,MT-ND5; MT-ND5
AOCS-131; AOCS-106,"[713265, 532909]",LLGRNSFEVHV,p.R273H; p.R273H,TP53; TP53
AOCS-064; AOCS-157,"[126200, 1121710]",LPSQRRNHWM,p.T304fs; p.R249fs,TP53; TP53
AOCS-155; AOCS-113,"[1110183, 592315]",MAYDHYVAI,p.R120H; p.R120H,OR1N1; OR4S1
AOCS-064; AOCS-157,"[126200, 1121710]",RSVGVSASR,p.T304fs; p.R249fs,TP53; TP53
AOCS-168; AOCS-115,"[1248244, 602831]",STMEFSLWY,p.I100T; p.I100T,MT-ND5; MT-ND5
AOCS-168; AOCS-115,"[1248244, 602831]",STMEFSLWYM,p.I100T; p.I100T,MT-ND5; MT-ND5
AOCS-064; AOCS-157,"[126200, 1121710]",SVGVSASR,p.T304fs; p.R249fs,TP53; TP53
AOCS-135; AOCS-166,"[767743, 1178371]",TLSACVFSL,p.S119C; p.S119C,DNMT1 S1PR2; DNMT1 S1PR2
AOCS-162; AOCS-112,"[1151642, 572779]",TRAATVSV,p.P85fs; p.S96fs,TP53; TP53
AOCS-143; AOCS-057,"[995087, 73190]",VTIGGTSF,p.V209I; p.V209I,OR5A1; OR5A1
AOCS-143; AOCS-057,"[995087, 73190]",VTIGGTSFL,p.V209I; p.V209I,OR5A1; OR5A1
AOCS-143; AOCS-057,"[995087, 73190]",VTIGGTSFLQL,p.V209I; p.V209I,OR5A1; OR5A1
AOCS-168; AOCS-115,"[1248244, 602831]",VTWSTMEF,p.I100T; p.I100T,MT-ND5; MT-ND5
AOCS-057; AOCS-158,"[72885, 1124578]",VVVPCEPPEV,p.Y220C; p.Y220C,TP53; TP53
