EGAZ00001018524_2014_ICGC_IcgcOvarian_AOCS137_1DNA_12Ascites_ICGCDBPC20130205143_IlluminaIGNOutsourcing_NoCapture_Bwa_HiSeq.jpearson.bam.aes	107GB	Aug 10, 2016 8:07:00 PM
EGAZ00001018525_2014_ICGC_IcgcOvarian_AOCS091_1DNA_7PrimaryTumour_ICGCDBPC20130205058_IlluminaIGNOutsourcing_NoCapture_Bwa_HiSeq.jpearson.bam.aes	149GB	Aug 11, 2016 12:14:00 AM
EGAZ00001018526_2014_ICGC_IcgcOvarian_AOCS057_1DNA_1NormalBlood_ICGCDBPC20130205014_IlluminaIGNOutsourcing_NoCapture_Bwa_HiSeq.jpearson.bam.aes	105GB	Aug 10, 2016 7:58:00 PM
EGAZ00001018527_2014_ICGC_130906_D81P8DQ1_0153_C2704ACXX.nopd.AOCS_081_ICGCDBDE20130916015.rsem.bam.aes	26GB	Aug 10, 2016 1:16:00 PM
EGAZ00001018528_2014_ICGC_130906_D81P8DQ1_0153_C2704ACXX.nopd.AOCS_097_ICGCDBDE20130916022.rsem.bam.aes	28GB	Aug 10, 2016 1:28:00 PM
EGAZ00001018529_2014_ICGC_140227_EXTERN_0128_AC2V5YACXX.nopd.AOCS_164_EXTERNAOCS20140227006.rsem.bam.aes	24GB	Aug 10, 2016 1:04:00 PM
EGAZ00001018530_2014_ICGC_131206_EXTERN_0045_AC2KJBACXX.nopd.AOCS_034_ICGCDBDE20131122024.rsem.bam.aes	21GB	Aug 10, 2016 1:44:00 PM
EGAZ00001018531_2014_ICGC_140227_EXTERN_0129_BC2TLKACXX.nopd.AOCS_170_EXTERNAOCS20140227018.rsem.bam.aes	25GB	Aug 10, 2016 1:09:00 PM
EGAZ00001018532_2014_ICGC_IcgcOvarian_AOCS160_1DNA_1NormalBlood_ICGCDBDE20130904004_IlluminaIGNOutsourcing_NoCapture_Bwa_HiSeq.jpearson.bam.aes	101GB	Aug 10, 2016 8:22:00 PM
EGAZ00001018533_2014_ICGC_IcgcOvarian_AOCS122_1DNA_1NormalBlood_ICGCDBPC20130205101_IlluminaIGNOutsourcing_NoCapture_Bwa_HiSeq.jpearson.bam.aes	129GB	Aug 10, 2016 10:37:00 PM
EGAZ00001018534_2014_ICGC_130906_D81P8DQ1_0157_C270DACXX.nopd.AOCS_076_ICGCDBDE20130916011.rsem.bam.aes	18GB	Aug 10, 2016 2:51:00 PM
EGAZ00001018535_2014_ICGC_IcgcOvarian_AOCS077_1DNA_7PrimaryTumour_ICGCDBPC20130205037_IlluminaIGNOutsourcing_NoCapture_Bwa_HiSeq.jpearson.bam.aes	157GB	Aug 11, 2016 12:23:00 AM
EGAZ00001018536_2014_ICGC_140227_EXTERN_0128_AC2V5YACXX.nopd.AOCS_163_EXTERNAOCS20140227005.rsem.bam.aes	27GB	Aug 10, 2016 3:47:00 PM
EGAZ00001018537_2014_ICGC_IcgcOvarian_AOCS064_1DNA_7PrimaryTumour_ICGCDBPC20130205028_IlluminaIGNOutsourcing_NoCapture_Bwa_HiSeq.jpearson.bam.aes	132GB	Aug 10, 2016 10:19:00 PM
EGAZ00001018538_2014_ICGC_IcgcOvarian_AOCS117_1DNA_1NormalBlood_ICGCDBPC20130607009_IlluminaIGNOutsourcing_NoCapture_Bwa_HiSeq.jpearson.bam.aes	126GB	Aug 10, 2016 10:22:00 PM
EGAZ00001018539_2014_ICGC_IcgcOvarian_AOCS093_1DNA_12Ascites_ICGCDBPC20130205062_IlluminaIGNOutsourcing_NoCapture_Bwa_HiSeq.jpearson.bam.aes	142GB	Aug 10, 2016 11:05:00 PM
EGAZ00001018540_2014_ICGC_IcgcOvarian_AOCS088_1DNA_12Ascites_ICGCDBPC20130701005_IlluminaIGNOutsourcing_NoCapture_Bwa_HiSeq.jpearson.bam.aes	120GB	Aug 10, 2016 9:13:00 PM
EGAZ00001018541_2014_ICGC_IcgcOvarian_AOCS115_1DNA_7PrimaryTumour_ICGCDBPC20130205092_IlluminaIGNOutsourcing_NoCapture_Bwa_HiSeq.jpearson.bam.aes	151GB	Aug 11, 2016 2:58:00 AM
EGAZ00001018542_2014_ICGC_131206_EXTERN_0045_AC2KJBACXX.nopd.AOCS_122_ICGCDBDE20131122029.rsem.bam.aes	19GB	Aug 10, 2016 5:18:00 PM
EGAZ00001018543_2014_ICGC_131206_EXTERN_0044_AC2JWTACXX.nopd.AOCS_113_ICGCDBDE20131122016.rsem.bam.aes	29GB	Aug 11, 2016 12:21:00 AM
EGAZ00001018544_2014_ICGC_IcgcOvarian_AOCS116_1DNA_7PrimaryTumour_ICGCDBPC20130205094_IlluminaIGNOutsourcing_NoCapture_Bwa_HiSeq.jpearson.bam.aes	131GB	Aug 11, 2016 2:05:00 AM
EGAZ00001018545_2014_ICGC_IcgcOvarian_AOCS135_1DNA_12Ascites_ICGCDBPC20130205136_IlluminaIGNOutsourcing_NoCapture_Bwa_HiSeq.jpearson.bam.aes	118GB	Aug 11, 2016 1:36:00 AM
EGAZ00001018546_2014_ICGC_140227_EXTERN_0128_AC2V5YACXX.nopd.AOCS_166_EXTERNAOCS20140227008.rsem.bam.aes	31GB	Aug 11, 2016 12:31:00 AM
EGAZ00001018547_2014_ICGC_IcgcOvarian_AOCS093_1DNA_7PrimaryTumour_ICGCDBPC20130205064_IlluminaIGNOutsourcing_NoCapture_Bwa_HiSeq.jpearson.bam.aes	133GB	Aug 11, 2016 2:30:00 AM
EGAZ00001018548_2014_ICGC_131206_EXTERN_0043_AC29RDACXX.nopd.AOCS_149_ICGCDBDE20131122009.rsem.bam.aes	19GB	Aug 10, 2016 11:40:00 PM
EGAZ00001018549_2014_ICGC_IcgcOvarian_AOCS093_1DNA_12Ascites_ICGCDBDE20131003001_IlluminaIGNOutsourcing_NoCapture_Bwa_HiSeq.jpearson.bam.aes	103GB	Aug 11, 2016 6:33:00 AM
EGAZ00001018550_2014_ICGC_IcgcOvarian_AOCS058_1DNA_1NormalBlood_ICGCDBPC20130205016_IlluminaIGNOutsourcing_NoCapture_Bwa_HiSeq.jpearson.bam.aes	114GB	Aug 11, 2016 7:06:00 AM
EGAZ00001018551_2014_ICGC_IcgcOvarian_AOCS001_1DNA_1NormalBlood_ICGCDBPC20130205001_IlluminaIGNOutsourcing_NoCapture_Bwa_HiSeq.jpearson.bam.aes	105GB	Aug 11, 2016 6:17:00 AM
EGAZ00001018552_2014_ICGC_131206_EXTERN_0045_AC2KJBACXX.nopd.AOCS_058_ICGCDBLG2010062235TR.rsem.bam.aes	21GB	Aug 11, 2016 1:33:00 AM
EGAZ00001018553_2014_ICGC_IcgcOvarian_AOCS090_1DNA_7PrimaryTumour_ICGCDBPC20130205055_IlluminaIGNOutsourcing_NoCapture_Bwa_HiSeq.jpearson.bam.aes	133GB	Aug 11, 2016 8:42:00 AM
EGAZ00001018554_2014_ICGC_IcgcOvarian_AOCS139_1DNA_16TumourMetastasisToDistantLocation_ICGCDBDE20130729002_IlluminaIGNOutsourcing_NoCapture_Bwa_HiSeq.jpearson.bam.aes	119GB	Aug 11, 2016 9:23:00 AM
EGAZ00001018555_2014_ICGC_IcgcOvarian_AOCS109_1DNA_1NormalBlood_ICGCDBPC20130205085_IlluminaIGNOutsourcing_NoCapture_Bwa_HiSeq.jpearson.bam.aes	110GB	Aug 11, 2016 8:56:00 AM
EGAZ00001018556_2014_ICGC_140227_EXTERN_0128_AC2V5YACXX.nopd.AOCS_165_EXTERNAOCS20140227007.rsem.bam.aes	19GB	Aug 11, 2016 12:47:00 AM
EGAZ00001018557_2014_ICGC_IcgcOvarian_AOCS149_1DNA_1NormalBlood_ICGCDBPC20130205169_IlluminaIGNOutsourcing_NoCapture_Bwa_HiSeq.jpearson.bam.aes	114GB	Aug 11, 2016 9:25:00 AM
EGAZ00001018558_2014_ICGC_IcgcOvarian_AOCS124_1DNA_1NormalBlood_ICGCDBPC20130205105_IlluminaIGNOutsourcing_NoCapture_Bwa_HiSeq.jpearson.bam.aes	111GB	Aug 11, 2016 9:13:00 AM
EGAZ00001018559_2014_ICGC_IcgcOvarian_AOCS131_1DNA_7PrimaryTumour_ICGCDBPC20130205118_IlluminaIGNOutsourcing_NoCapture_Bwa_HiSeq.jpearson.bam.aes	129GB	Aug 11, 2016 10:37:00 AM
EGAZ00001018560_2014_ICGC_IcgcOvarian_AOCS080_1DNA_1NormalBlood_ICGCDBPC20130205040_IlluminaIGNOutsourcing_NoCapture_Bwa_HiSeq.jpearson.bam.aes	98GB	Aug 11, 2016 8:18:00 AM
EGAZ00001018561_2014_ICGC_IcgcOvarian_AOCS150_1DNA_1NormalBlood_ICGCDBPC20130205172_IlluminaIGNOutsourcing_NoCapture_Bwa_HiSeq.jpearson.bam.aes	92GB	Aug 11, 2016 8:00:00 AM
EGAZ00001018562_2014_ICGC_131206_EXTERN_0043_AC29RDACXX.nopd.AOCS_056_ICGCDBLG2010062229TR.rsem.bam.aes	29GB	Aug 11, 2016 5:16:00 AM
EGAZ00001018563_2014_ICGC_IcgcOvarian_AOCS139_1DNA_1NormalBlood_ICGCDBPC20130205149_IlluminaIGNOutsourcing_NoCapture_Bwa_HiSeq.jpearson.bam.aes	196GB	Aug 11, 2016 6:17:00 PM
EGAZ00001018564_2014_ICGC_IcgcOvarian_AOCS155_1DNA_1NormalBlood_ICGCDBPC20130701008_IlluminaIGNOutsourcing_NoCapture_Bwa_HiSeq.jpearson.bam.aes	106GB	Aug 11, 2016 11:09:00 AM
EGAZ00001018565_2014_ICGC_IcgcOvarian_AOCS081_1DNA_1NormalBlood_ICGCDBPC20130205042_IlluminaIGNOutsourcing_NoCapture_Bwa_HiSeq.jpearson.bam.aes	104GB	Aug 11, 2016 11:22:00 AM
EGAZ00001018566_2014_ICGC_131206_EXTERN_0045_AC2KJBACXX.nopd.AOCS_131_ICGCDBDE20131122031.rsem.bam.aes	24GB	Aug 11, 2016 5:19:00 AM
EGAZ00001018567_2014_ICGC_130906_D81P8DQ1_0157_C270DACXX.nopd.AOCS_119_ICGCDBDE20130916028.rsem.bam.aes	21GB	Aug 11, 2016 4:18:00 AM
EGAZ00001018568_2014_ICGC_130906_D81P8DQ1_0157_C270DACXX.nopd.AOCS_120_ICGCDBDE20130916029.rsem.bam.aes	23GB	Aug 11, 2016 8:18:00 AM
EGAZ00001018569_2014_ICGC_130906_D81P8DQ1_0157_C270DACXX.nopd.AOCS_079_ICGCDBDE20130916014.rsem.bam.aes	26GB	Aug 11, 2016 8:32:00 AM
EGAZ00001018570_2014_ICGC_IcgcOvarian_AOCS162_1DNA_1NormalBlood_ICGCDBDE20130904006_IlluminaIGNOutsourcing_NoCapture_Bwa_HiSeq.jpearson.bam.aes	97GB	Aug 11, 2016 10:44:00 AM
EGAZ00001018571_2014_ICGC_130906_D81P8DQ1_0153_C2704ACXX.nopd.AOCS_094_ICGCDBDE20130916020.rsem.bam.aes	19GB	Aug 11, 2016 8:00:00 AM
EGAZ00001018572_2014_ICGC_130906_D81P8DQ1_0158_D2B80ACXX.nopd.AOCS_085_ICGCDBDE20130916018.rsem.bam.aes	31GB	Aug 11, 2016 11:13:00 AM
EGAZ00001018573_2014_ICGC_IcgcOvarian_AOCS096_1DNA_1NormalBlood_ICGCDBPC20130205071_IlluminaIGNOutsourcing_NoCapture_Bwa_HiSeq.jpearson.bam.aes	101GB	Aug 11, 2016 3:14:00 PM
EGAZ00001018574_2014_ICGC_131206_EXTERN_0044_AC2JWTACXX.nopd.AOCS_116_ICGCDBDE20131122018.rsem.bam.aes	26GB	Aug 11, 2016 10:56:00 AM
EGAZ00001018575_2014_ICGC_IcgcOvarian_AOCS161_1DNA_7PrimaryTumour_ICGCDBDE20130904015_IlluminaIGNOutsourcing_NoCapture_Bwa_HiSeq.jpearson.bam.aes	110GB	Aug 11, 2016 3:46:00 PM
EGAZ00001018576_2014_ICGC_IcgcOvarian_AOCS143_1DNA_7PrimaryTumour_ICGCDBPC20130205158_IlluminaIGNOutsourcing_NoCapture_Bwa_HiSeq.jpearson.bam.aes	296GB	Aug 12, 2016 6:49:00 AM
EGAZ00001018577_2014_ICGC_IcgcOvarian_AOCS152_1DNA_7PrimaryTumour_ICGCDBPC20130205174_IlluminaIGNOutsourcing_NoCapture_Bwa_HiSeq.jpearson.bam.aes	137GB	Aug 11, 2016 6:08:00 PM
EGAZ00001018578_2014_ICGC_IcgcOvarian_AOCS064_1DNA_12Ascites_ICGCDBPC20130205026_IlluminaIGNOutsourcing_NoCapture_Bwa_HiSeq.jpearson.bam.aes	165GB	Aug 11, 2016 10:31:00 PM
EGAZ00001018579_2014_ICGC_IcgcOvarian_AOCS092_1DNA_7PrimaryTumour_ICGCDBPC20130205061_IlluminaIGNOutsourcing_NoCapture_Bwa_HiSeq.jpearson.bam.aes	136GB	Aug 11, 2016 8:14:00 PM
EGAZ00001018580_2014_ICGC_130906_D81P8DQ1_0158_D2B80ACXX.nopd.AOCS_124_ICGCDBDE20130916030.rsem.bam.aes	25GB	Aug 11, 2016 11:48:00 AM
EGAZ00001018581_2014_ICGC_130906_D81P8DQ1_0157_C270DACXX.nopd.AOCS_128_ICGCDBDE20130916033.rsem.bam.aes	24GB	Aug 11, 2016 2:11:00 PM
EGAZ00001018582_2014_ICGC_IcgcOvarian_AOCS064_1DNA_1NormalBlood_ICGCDBPC20130205027_IlluminaIGNOutsourcing_NoCapture_Bwa_HiSeq.jpearson.bam.aes	108GB	Aug 11, 2016 5:56:00 PM
EGAZ00001018583_2014_ICGC_IcgcOvarian_AOCS065_1DNA_12Ascites_ICGCDBPC20130607008_IlluminaIGNOutsourcing_NoCapture_Bwa_HiSeq.jpearson.bam.aes	170GB	Aug 11, 2016 11:17:00 PM
EGAZ00001018584_2014_ICGC_130906_D81P8DQ1_0157_C270DACXX.nopd.AOCS_005_ICGCDBDE20130916004.rsem.bam.aes	48GB	Aug 11, 2016 4:09:00 PM
EGAZ00001018585_2014_ICGC_130906_D81P8DQ1_0158_D2B80ACXX.nopd.AOCS_105_ICGCDBDE20130916023.rsem.bam.aes	28GB	Aug 11, 2016 2:10:00 PM
EGAZ00001018586_2014_ICGC_131206_EXTERN_0044_AC2JWTACXX.nopd.AOCS_134_ICGCDBDE20131122020.rsem.bam.aes	22GB	Aug 11, 2016 5:24:00 PM
EGAZ00001018587_2014_ICGC_IcgcOvarian_AOCS128_1DNA_1NormalBlood_ICGCDBPC20130205111_IlluminaIGNOutsourcing_NoCapture_Bwa_HiSeq.jpearson.bam.aes	135GB	Aug 11, 2016 11:14:00 PM
EGAZ00001018588_2014_ICGC_IcgcOvarian_AOCS122_1DNA_7PrimaryTumour_ICGCDBPC20130205102_IlluminaIGNOutsourcing_NoCapture_Bwa_HiSeq.jpearson.bam.aes	124GB	Aug 11, 2016 10:33:00 PM
EGAZ00001018589_2014_ICGC_IcgcOvarian_AOCS085_1DNA_1NormalBlood_ICGCDBPC20130205048_IlluminaIGNOutsourcing_NoCapture_Bwa_HiSeq.jpearson.bam.aes	95GB	Aug 11, 2016 8:23:00 PM
EGAZ00001018590_2014_ICGC_IcgcOvarian_AOCS091_1DNA_1NormalBlood_ICGCDBPC20130205057_IlluminaIGNOutsourcing_NoCapture_Bwa_HiSeq.jpearson.bam.aes	90GB	Aug 11, 2016 9:09:00 PM
EGAZ00001018591_2014_ICGC_IcgcOvarian_AOCS084_1DNA_7PrimaryTumour_ICGCDBPC20130205047_IlluminaIGNOutsourcing_NoCapture_Bwa_HiSeq.jpearson.bam.aes	142GB	Aug 12, 2016 3:59:00 AM
EGAZ00001018592_2014_ICGC_131206_EXTERN_0043_AC29RDACXX.nopd.AOCS_064_ICGCDBLG2010062214TR.rsem.bam.aes	27GB	Aug 11, 2016 5:59:00 PM
EGAZ00001018593_2014_ICGC_IcgcOvarian_AOCS075_1DNA_1NormalBlood_ICGCDBPC20130205032_IlluminaIGNOutsourcing_NoCapture_Bwa_HiSeq.jpearson.bam.aes	96GB	Aug 11, 2016 11:47:00 PM
EGAZ00001018594_2014_ICGC_130906_D81P8DQ1_0158_D2B80ACXX.nopd.AOCS_150_ICGCDBDE20130916040.rsem.bam.aes	26GB	Aug 11, 2016 7:02:00 PM
EGAZ00001018595_2014_ICGC_IcgcOvarian_AOCS158_1DNA_7PrimaryTumour_ICGCDBDE20130904012_IlluminaIGNOutsourcing_NoCapture_Bwa_HiSeq.jpearson.bam.aes	113GB	Aug 12, 2016 2:04:00 AM
EGAZ00001018596_2014_ICGC_140227_EXTERN_0128_AC2V5YACXX.nopd.AOCS_162_EXTERNAOCS20140227004.rsem.bam.aes	26GB	Aug 11, 2016 7:31:00 PM
EGAZ00001018597_2014_ICGC_IcgcOvarian_AOCS034_1DNA_7PrimaryTumour_ICGCDBPC20130205009_IlluminaIGNOutsourcing_NoCapture_Bwa_HiSeq.jpearson.bam.aes	119GB	Aug 12, 2016 3:09:00 AM
EGAZ00001018598_2014_ICGC_IcgcOvarian_AOCS160_1DNA_7PrimaryTumour_ICGCDBDE20130904014_IlluminaIGNOutsourcing_NoCapture_Bwa_HiSeq.jpearson.bam.aes	123GB	Aug 12, 2016 3:36:00 AM
EGAZ00001018599_2014_ICGC_IcgcOvarian_AOCS078_1DNA_7PrimaryTumour_ICGCDBPC20130205126_IlluminaIGNOutsourcing_NoCapture_Bwa_HiSeq.jpearson.bam.aes	143GB	Aug 12, 2016 5:58:00 AM
EGAZ00001018600_2014_ICGC_130906_D81P8DQ1_0158_D2B80ACXX.nopd.AOCS_135_ICGCDBDE20130916034.rsem.bam.aes	19GB	Aug 11, 2016 7:15:00 PM
EGAZ00001018601_2014_ICGC_IcgcOvarian_AOCS001_1DNA_7PrimaryTumour_ICGCDBPC20130205002_IlluminaIGNOutsourcing_NoCapture_Bwa_HiSeq.jpearson.bam.aes	134GB	Aug 12, 2016 5:45:00 AM
EGAZ00001018602_2014_ICGC_IcgcOvarian_AOCS123_1DNA_7PrimaryTumour_ICGCDBPC20130607006_IlluminaIGNOutsourcing_NoCapture_Bwa_HiSeq.jpearson.bam.aes	113GB	Aug 12, 2016 3:22:00 AM
EGAZ00001018603_2014_ICGC_IcgcOvarian_AOCS148_1DNA_1NormalBlood_ICGCDBPC20130205167_IlluminaIGNOutsourcing_NoCapture_Bwa_HiSeq.jpearson.bam.aes	95GB	Aug 12, 2016 2:39:00 AM
EGAZ00001018604_2014_ICGC_IcgcOvarian_AOCS078_1DNA_1NormalBlood_ICGCDBPC20130205125_IlluminaIGNOutsourcing_NoCapture_Bwa_HiSeq.jpearson.bam.aes	95GB	Aug 12, 2016 2:00:00 AM
EGAZ00001018605_2014_ICGC_IcgcOvarian_AOCS120_1DNA_12Ascites_ICGCDBPC20130205099_IlluminaIGNOutsourcing_NoCapture_Bwa_HiSeq.jpearson.bam.aes	138GB	Aug 12, 2016 6:13:00 AM
EGAZ00001018606_2014_ICGC_IcgcOvarian_AOCS170_1DNA_12Ascites_ICGCDBDE20131003009_IlluminaIGNOutsourcing_NoCapture_Bwa_HiSeq.jpearson.bam.aes	126GB	Aug 12, 2016 5:22:00 AM
EGAZ00001018607_2014_ICGC_IcgcOvarian_AOCS094_1DNA_14TumourLocalRecurrence_ICGCDBPC20130205066_IlluminaIGNOutsourcing_NoCapture_Bwa_HiSeq.jpearson.bam.aes	124GB	Aug 12, 2016 5:26:00 AM
EGAZ00001018608_2014_ICGC_IcgcOvarian_AOCS104_1DNA_7PrimaryTumour_ICGCDBPC20130205076_IlluminaIGNOutsourcing_NoCapture_Bwa_HiSeq.jpearson.bam.aes	127GB	Aug 12, 2016 4:54:00 AM
EGAZ00001018609_2014_ICGC_IcgcOvarian_AOCS055_1DNA_7PrimaryTumour_ICGCDBPC20130205011_IlluminaIGNOutsourcing_NoCapture_Bwa_HiSeq.jpearson.bam.aes	131GB	Aug 12, 2016 6:16:00 AM
EGAZ00001018610_2014_ICGC_IcgcOvarian_AOCS061_1DNA_1NormalBlood_ICGCDBPC20130205022_IlluminaIGNOutsourcing_NoCapture_Bwa_HiSeq.jpearson.bam.aes	106GB	Aug 12, 2016 3:31:00 AM
EGAZ00001018611_2014_ICGC_IcgcOvarian_AOCS169_1DNA_1NormalBlood_ICGCDBDE20131003007_IlluminaIGNOutsourcing_NoCapture_Bwa_HiSeq.jpearson.bam.aes	92GB	Aug 12, 2016 3:24:00 AM
EGAZ00001018612_2014_ICGC_IcgcOvarian_AOCS144_1DNA_1NormalBlood_ICGCDBPC20130205159_IlluminaIGNOutsourcing_NoCapture_Bwa_HiSeq.jpearson.bam.aes	106GB	Aug 12, 2016 4:40:00 AM
EGAZ00001018613_2014_ICGC_IcgcOvarian_AOCS150_1DNA_12Ascites_ICGCDBPC20130205171_IlluminaIGNOutsourcing_NoCapture_Bwa_HiSeq.jpearson.bam.aes	129GB	Aug 12, 2016 5:49:00 AM
EGAZ00001018614_2014_ICGC_IcgcOvarian_AOCS059_1DNA_7PrimaryTumour_ICGCDBPC20130205019_IlluminaIGNOutsourcing_NoCapture_Bwa_HiSeq.jpearson.bam.aes	130GB	Aug 12, 2016 6:48:00 AM
EGAZ00001018615_2014_ICGC_130906_D81P8DQ1_0153_C2704ACXX.nopd.AOCS_077_ICGCDBDE20130916012.rsem.bam.aes	18GB	Aug 11, 2016 8:50:00 PM
EGAZ00001018616_2014_ICGC_130906_D81P8DQ1_0153_C2704ACXX.nopd.AOCS_109_ICGCDBDE20130916024.rsem.bam.aes	23GB	Aug 11, 2016 9:30:00 PM
EGAZ00001018617_2014_ICGC_IcgcOvarian_AOCS167_1DNA_16TumourMetastasisToDistantLocation_ICGCDBDE20130904024_IlluminaIGNOutsourcing_NoCapture_Bwa_HiSeq.jpearson.bam.aes	112GB	Aug 12, 2016 5:45:00 AM
EGAZ00001018618_2014_ICGC_IcgcOvarian_AOCS061_1DNA_7PrimaryTumour_ICGCDBPC20130205023_IlluminaIGNOutsourcing_NoCapture_Bwa_HiSeq.jpearson.bam.aes	137GB	Aug 12, 2016 6:55:00 AM
EGAZ00001018619_2014_ICGC_IcgcOvarian_AOCS162_1DNA_7PrimaryTumour_ICGCDBDE20130904016_IlluminaIGNOutsourcing_NoCapture_Bwa_HiSeq.jpearson.bam.aes	117GB	Aug 12, 2016 5:28:00 AM
EGAZ00001018620_2014_ICGC_130906_D81P8DQ1_0157_C270DACXX.nopd.AOCS_060_ICGCDBDE20130916007.rsem.bam.aes	31GB	Aug 11, 2016 10:42:00 PM
EGAZ00001018621_2014_ICGC_IcgcOvarian_AOCS130_1DNA_1NormalBlood_ICGCDBPC20130205115_IlluminaIGNOutsourcing_NoCapture_Bwa_HiSeq.jpearson.bam.aes	112GB	Aug 12, 2016 6:13:00 AM
EGAZ00001018622_2014_ICGC_IcgcOvarian_AOCS065_1DNA_1NormalBlood_ICGCDBPC20130205030_IlluminaIGNOutsourcing_NoCapture_Bwa_HiSeq.jpearson.bam.aes	89GB	Aug 12, 2016 3:46:00 AM
EGAZ00001018623_2014_ICGC_IcgcOvarian_AOCS152_1DNA_1NormalBlood_ICGCDBPC20130205173_IlluminaIGNOutsourcing_NoCapture_Bwa_HiSeq.jpearson.bam.aes	101GB	Aug 12, 2016 4:44:00 AM
EGAZ00001018624_2014_ICGC_IcgcOvarian_AOCS135_1DNA_1NormalBlood_ICGCDBPC20130205138_IlluminaIGNOutsourcing_NoCapture_Bwa_HiSeq.jpearson.bam.aes	134GB	Aug 12, 2016 7:19:00 AM
EGAZ00001018625_2014_ICGC_IcgcOvarian_AOCS116_1DNA_1NormalBlood_ICGCDBPC20130205093_IlluminaIGNOutsourcing_NoCapture_Bwa_HiSeq.jpearson.bam.aes	106GB	Aug 12, 2016 5:30:00 AM
EGAZ00001018626_2014_ICGC_130906_D81P8DQ1_0157_C270DACXX.nopd.AOCS_083_ICGCDBDE20130916016.rsem.bam.aes	33GB	Aug 11, 2016 11:48:00 PM
EGAZ00001018627_2014_ICGC_IcgcOvarian_AOCS170_1DNA_1NormalBlood_ICGCDBDE20131003010_IlluminaIGNOutsourcing_NoCapture_Bwa_HiSeq.jpearson.bam.aes	89GB	Aug 12, 2016 5:25:00 AM
EGAZ00001018628_2014_ICGC_130906_D81P8DQ1_0157_C270DACXX.nopd.AOCS_137_ICGCDBDE20130916036.rsem.bam.aes	56GB	Aug 12, 2016 3:53:00 AM
EGAZ00001018629_2014_ICGC_IcgcOvarian_AOCS138_1DNA_12Ascites_ICGCDBPC20130205146_IlluminaIGNOutsourcing_NoCapture_Bwa_HiSeq.oholmes.bam.aes	121GB	Aug 12, 2016 8:30:00 AM
EGAZ00001018630_2014_ICGC_IcgcOvarian_AOCS168_1DNA_1NormalBlood_ICGCDBDE20131003005_IlluminaIGNOutsourcing_NoCapture_Bwa_HiSeq.jpearson.bam.aes	64GB	Aug 12, 2016 5:03:00 AM
EGAZ00001018631_2014_ICGC_IcgcOvarian_AOCS141_1DNA_12Ascites_ICGCDBPC20130205153_IlluminaIGNOutsourcing_NoCapture_Bwa_HiSeq.jpearson.bam.aes	113GB	Aug 12, 2016 8:25:00 AM
EGAZ00001018632_2014_ICGC_IcgcOvarian_AOCS002_1DNA_1NormalBlood_ICGCDBPC20130205123_IlluminaIGNOutsourcing_NoCapture_Bwa_HiSeq.jpearson.bam.aes	93GB	Aug 12, 2016 7:23:00 AM
EGAZ00001018633_2014_ICGC_131206_EXTERN_0043_AC29RDACXX.nopd.AOCS_143_ICGCDBDE20131122005.rsem.bam.aes	27GB	Aug 12, 2016 3:29:00 AM
EGAZ00001018634_2014_ICGC_131206_EXTERN_0043_AC29RDACXX.nopd.AOCS_086_ICGCDBLG2010102755TR.rsem.bam.aes	28GB	Aug 12, 2016 2:52:00 AM
EGAZ00001018635_2014_ICGC_131206_EXTERN_0043_AC29RDACXX.nopd.AOCS_095_ICGCDBDE20131122004.rsem.bam.aes	24GB	Aug 12, 2016 5:46:00 AM
EGAZ00001018636_2014_ICGC_IcgcOvarian_AOCS108_1DNA_1NormalBlood_ICGCDBPC20130205083_IlluminaIGNOutsourcing_NoCapture_Bwa_HiSeq.jpearson.bam.aes	117GB	Aug 12, 2016 11:32:00 AM
EGAZ00001018637_2014_ICGC_130906_D81P8DQ1_0158_D2B80ACXX.nopd.AOCS_142_ICGCDBDE20130916039.rsem.bam.aes	24GB	Aug 12, 2016 6:51:00 AM
EGAZ00001018638_2014_ICGC_130906_D81P8DQ1_0153_C2704ACXX.nopd.AOCS_078_ICGCDBDE20130916013.rsem.bam.aes	31GB	Aug 12, 2016 7:44:00 AM
EGAZ00001018639_2014_ICGC_131206_EXTERN_0045_AC2KJBACXX.nopd.AOCS_132_ICGCDBDE20131122032.rsem.bam.aes	23GB	Aug 10, 2016 1:54:00 PM
EGAZ00001018640_2014_ICGC_IcgcOvarian_AOCS133_1DNA_7PrimaryTumour_ICGCDBPC20130607002_IlluminaIGNOutsourcing_NoCapture_Bwa_HiSeq.jpearson.bam.aes	117GB	Aug 12, 2016 1:15:00 PM
EGAZ00001018641_2014_ICGC_IcgcOvarian_AOCS002_1DNA_7PrimaryTumour_ICGCDBPC20130205124_IlluminaIGNOutsourcing_NoCapture_Bwa_HiSeq.jpearson.bam.aes	124GB	Aug 12, 2016 1:46:00 PM
EGAZ00001018642_2014_ICGC_140227_EXTERN_0128_AC2V5YACXX.nopd.AOCS_171_EXTERNAOCS20140227014.rsem.bam.aes	19GB	Aug 10, 2016 1:30:00 PM
EGAZ00001018643_2014_ICGC_IcgcOvarian_AOCS095_1DNA_12Ascites_ICGCDBPC20130205068_IlluminaIGNOutsourcing_NoCapture_Bwa_HiSeq.jpearson.bam.aes	137GB	Aug 12, 2016 2:41:00 PM
EGAZ00001018644_2014_ICGC_IcgcOvarian_AOCS088_1DNA_1NormalBlood_ICGCDBPC20130701003_IlluminaIGNOutsourcing_NoCapture_Bwa_HiSeq.jpearson.bam.aes	98GB	Aug 10, 2016 8:09:00 PM
EGAZ00001018645_2014_ICGC_IcgcOvarian_AOCS063_1DNA_7PrimaryTumour_ICGCDBPC20130205025_IlluminaIGNOutsourcing_NoCapture_Bwa_HiSeq.jpearson.bam.aes	120GB	Aug 10, 2016 9:13:00 PM
EGAZ00001018646_2014_ICGC_131206_EXTERN_0044_AC2JWTACXX.nopd.AOCS_108_ICGCDBDE20131122015.rsem.bam.aes	27GB	Aug 10, 2016 2:10:00 PM
EGAZ00001018647_2014_ICGC_131206_EXTERN_0044_AC2JWTACXX.nopd.AOCS_088_ICGCDBLG2010102757TR.rsem.bam.aes	24GB	Aug 10, 2016 1:57:00 PM
EGAZ00001018648_2014_ICGC_IcgcOvarian_AOCS094_1DNA_1NormalBlood_ICGCDBPC20130205065_IlluminaIGNOutsourcing_NoCapture_Bwa_HiSeq.jpearson.bam.aes	80GB	Aug 10, 2016 5:45:00 PM
EGAZ00001018649_2014_ICGC_IcgcOvarian_AOCS086_1DNA_12Ascites_ICGCDBPC20130205050_IlluminaIGNOutsourcing_NoCapture_Bwa_HiSeq.jpearson.bam.aes	141GB	Aug 10, 2016 11:43:00 PM
EGAZ00001018650_2014_ICGC_IcgcOvarian_AOCS126_1DNA_7PrimaryTumour_ICGCDBPC20130205110_IlluminaIGNOutsourcing_NoCapture_Bwa_HiSeq.jpearson.bam.aes	120GB	Aug 10, 2016 9:15:00 PM
EGAZ00001018651_2014_ICGC_IcgcOvarian_AOCS167_1DNA_16TumourMetastasisToDistantLocation_ICGCDBDE20130904027_IlluminaIGNOutsourcing_NoCapture_Bwa_HiSeq.jpearson.bam.aes	172GB	Aug 12, 2016 10:14:00 AM
EGAZ00001018652_2014_ICGC_IcgcOvarian_AOCS167_1DNA_1NormalBlood_ICGCDBDE20130904021_IlluminaIGNOutsourcing_NoCapture_Bwa_HiSeq.jpearson.bam.aes	87GB	Aug 12, 2016 4:48:00 AM
EGAZ00001018653_2014_ICGC_IcgcOvarian_AOCS141_1DNA_1NormalBlood_ICGCDBPC20130205154_IlluminaIGNOutsourcing_NoCapture_Bwa_HiSeq.jpearson.bam.aes	90GB	Aug 12, 2016 6:01:00 AM
EGAZ00001018654_2014_ICGC_IcgcOvarian_AOCS105_1DNA_1NormalBlood_ICGCDBPC20130205077_IlluminaIGNOutsourcing_NoCapture_Bwa_HiSeq.jpearson.bam.aes	100GB	Aug 12, 2016 6:34:00 AM
EGAZ00001018655_2014_ICGC_131206_EXTERN_0043_AC29RDACXX.nopd.AOCS_064_ICGCDBLG2010062215FR.rsem.bam.aes	24GB	Aug 12, 2016 12:33:00 AM
EGAZ00001018656_2014_ICGC_IcgcOvarian_AOCS119_1DNA_12Ascites_ICGCDBPC20130205097_IlluminaIGNOutsourcing_NoCapture_Bwa_HiSeq.jpearson.bam.aes	128GB	Aug 12, 2016 8:31:00 AM
EGAZ00001018657_2014_ICGC_IcgcOvarian_AOCS133_1DNA_1NormalBlood_ICGCDBPC20130205121_IlluminaIGNOutsourcing_NoCapture_Bwa_HiSeq.jpearson.bam.aes	115GB	Aug 12, 2016 8:45:00 AM
EGAZ00001018658_2014_ICGC_IcgcOvarian_AOCS165_1DNA_7PrimaryTumour_ICGCDBDE20130904019_IlluminaIGNOutsourcing_NoCapture_Bwa_HiSeq.jpearson.bam.aes	116GB	Aug 12, 2016 8:03:00 AM
EGAZ00001018659_2014_ICGC_131206_EXTERN_0043_AC29RDACXX.nopd.AOCS_146_ICGCDBDE20131122007.rsem.bam.aes	26GB	Aug 12, 2016 3:45:00 AM
EGAZ00001018660_2014_ICGC_IcgcOvarian_AOCS097_1DNA_1NormalBlood_ICGCDBPC20130205073_IlluminaIGNOutsourcing_NoCapture_Bwa_HiSeq.jpearson.bam.aes	101GB	Aug 12, 2016 8:08:00 AM
EGAZ00001018661_2014_ICGC_IcgcOvarian_AOCS161_1DNA_1NormalBlood_ICGCDBDE20130904005_IlluminaIGNOutsourcing_NoCapture_Bwa_HiSeq.jpearson.bam.aes	95GB	Aug 12, 2016 9:51:00 AM
EGAZ00001018662_2014_ICGC_IcgcOvarian_AOCS075_1DNA_7PrimaryTumour_ICGCDBPC20130205033_IlluminaIGNOutsourcing_NoCapture_Bwa_HiSeq.jpearson.bam.aes	127GB	Aug 12, 2016 11:51:00 AM
EGAZ00001018663_2014_ICGC_IcgcOvarian_AOCS106_1DNA_7PrimaryTumour_ICGCDBPC20130607003_IlluminaIGNOutsourcing_NoCapture_Bwa_HiSeq.jpearson.bam.aes	123GB	Aug 12, 2016 11:48:00 AM
EGAZ00001018664_2014_ICGC_IcgcOvarian_AOCS107_1DNA_7PrimaryTumour_ICGCDBPC20130607004_IlluminaIGNOutsourcing_NoCapture_Bwa_HiSeq.jpearson.bam.aes	106GB	Aug 12, 2016 9:34:00 AM
EGAZ00001018665_2014_ICGC_IcgcOvarian_AOCS106_1DNA_1NormalBlood_ICGCDBPC20130205079_IlluminaIGNOutsourcing_NoCapture_Bwa_HiSeq.jpearson.bam.aes	94GB	Aug 12, 2016 8:55:00 AM
EGAZ00001018666_2014_ICGC_IcgcOvarian_AOCS088_1DNA_7PrimaryTumour_ICGCDBPC20130701004_IlluminaIGNOutsourcing_NoCapture_Bwa_HiSeq.jpearson.bam.aes	133GB	Aug 12, 2016 12:33:00 PM
EGAZ00001018667_2014_ICGC_IcgcOvarian_AOCS141_1DNA_12Ascites_ICGCDBDE20131003002_IlluminaIGNOutsourcing_NoCapture_Bwa_HiSeq.jpearson.bam.aes	99GB	Aug 12, 2016 10:41:00 AM
EGAZ00001018668_2014_ICGC_IcgcOvarian_AOCS059_1DNA_1NormalBlood_ICGCDBPC20130205018_IlluminaIGNOutsourcing_NoCapture_Bwa_HiSeq.jpearson.bam.aes	105GB	Aug 12, 2016 11:07:00 AM
EGAZ00001018669_2014_ICGC_131206_EXTERN_0045_AC2KJBACXX.nopd.AOCS_065_ICGCDBLG2010062220FR.rsem.bam.aes	21GB	Aug 12, 2016 5:35:00 AM
EGAZ00001018670_2014_ICGC_IcgcOvarian_AOCS077_1DNA_1NormalBlood_ICGCDBPC20130205036_IlluminaIGNOutsourcing_NoCapture_Bwa_HiSeq.jpearson.bam.aes	117GB	Aug 12, 2016 10:51:00 AM
EGAZ00001018671_2014_ICGC_IcgcOvarian_AOCS119_1DNA_1NormalBlood_ICGCDBPC20130205098_IlluminaIGNOutsourcing_NoCapture_Bwa_HiSeq.jpearson.bam.aes	118GB	Aug 12, 2016 12:15:00 PM
EGAZ00001018672_2014_ICGC_IcgcOvarian_AOCS123_1DNA_1NormalBlood_ICGCDBPC20130205103_IlluminaIGNOutsourcing_NoCapture_Bwa_HiSeq.jpearson.bam.aes	92GB	Aug 12, 2016 9:44:00 AM
EGAZ00001018673_2014_ICGC_IcgcOvarian_AOCS139_1DNA_7PrimaryTumour_ICGCDBPC20130205150_IlluminaIGNOutsourcing_NoCapture_Bwa_HiSeq.jpearson.bam.aes	151GB	Aug 12, 2016 12:50:00 PM
EGAZ00001018674_2014_ICGC_131206_EXTERN_0045_AC2KJBACXX.nopd.AOCS_133_ICGCDBDE20131122033.rsem.bam.aes	22GB	Aug 12, 2016 6:26:00 AM
EGAZ00001018675_2014_ICGC_IcgcOvarian_AOCS126_1DNA_1NormalBlood_ICGCDBPC20130205109_IlluminaIGNOutsourcing_NoCapture_Bwa_HiSeq.jpearson.bam.aes	103GB	Aug 12, 2016 10:33:00 AM
EGAZ00001018676_2014_ICGC_IcgcOvarian_AOCS146_1DNA_7PrimaryTumour_ICGCDBPC20130205164_IlluminaIGNOutsourcing_NoCapture_Bwa_HiSeq.jpearson.bam.aes	143GB	Aug 12, 2016 2:25:00 PM
EGAZ00001018677_2014_ICGC_131206_EXTERN_0044_AC2JWTACXX.nopd.AOCS_106_ICGCDBDE20131122013.rsem.bam.aes	30GB	Aug 12, 2016 7:58:00 AM
EGAZ00001018678_2014_ICGC_130906_D81P8DQ1_0158_D2B80ACXX.nopd.AOCS_135_ICGCDBDE20130916035.rsem.bam.aes	49GB	Aug 12, 2016 9:23:00 AM
EGAZ00001018679_2014_ICGC_IcgcOvarian_AOCS134_1DNA_1NormalBlood_ICGCDBPC20130205135_IlluminaIGNOutsourcing_NoCapture_Bwa_HiSeq.jpearson.bam.aes	91GB	Aug 12, 2016 10:41:00 AM
EGAZ00001018680_2014_ICGC_IcgcOvarian_AOCS034_1DNA_1NormalBlood_ICGCDBPC20130205008_IlluminaIGNOutsourcing_NoCapture_Bwa_HiSeq.jpearson.bam.aes	109GB	Aug 12, 2016 11:51:00 AM
EGAZ00001018681_2014_ICGC_IcgcOvarian_AOCS147_1DNA_7PrimaryTumour_ICGCDBPC20130205166_IlluminaIGNOutsourcing_NoCapture_Bwa_HiSeq.jpearson.bam.aes	249GB	Aug 12, 2016 7:18:00 PM
EGAZ00001018682_2014_ICGC_IcgcOvarian_AOCS171_1DNA_7PrimaryTumour_ICGCDBDE20131003011_IlluminaIGNOutsourcing_NoCapture_Bwa_HiSeq.jpearson.bam.aes	98GB	Aug 12, 2016 12:34:00 PM
EGAZ00001018683_2014_ICGC_131206_EXTERN_0044_AC2JWTACXX.nopd.AOCS_090_ICGCDBDE20131122010.rsem.bam.aes	26GB	Aug 10, 2016 1:17:00 PM
EGAZ00001018684_2014_ICGC_IcgcOvarian_AOCS125_1DNA_1NormalBlood_ICGCDBPC20130205107_IlluminaIGNOutsourcing_NoCapture_Bwa_HiSeq.jpearson.bam.aes	99GB	Aug 10, 2016 8:13:00 PM
EGAZ00001018685_2014_ICGC_IcgcOvarian_AOCS081_1DNA_7PrimaryTumour_ICGCDBPC20130205043_IlluminaIGNOutsourcing_NoCapture_Bwa_HiSeq.jpearson.bam.aes	133GB	Aug 10, 2016 10:58:00 PM
EGAZ00001018686_2014_ICGC_IcgcOvarian_AOCS090_1DNA_1NormalBlood_ICGCDBPC20130205054_IlluminaIGNOutsourcing_NoCapture_Bwa_HiSeq.jpearson.bam.aes	111GB	Aug 10, 2016 9:12:00 PM
EGAZ00001018687_2014_ICGC_IcgcOvarian_AOCS155_1DNA_12Ascites_ICGCDBPC20130701009_IlluminaIGNOutsourcing_NoCapture_Bwa_HiSeq.jpearson.bam.aes	137GB	Aug 10, 2016 10:40:00 PM
EGAZ00001018688_2014_ICGC_IcgcOvarian_AOCS134_1DNA_12Ascites_ICGCDBPC20130205134_IlluminaIGNOutsourcing_NoCapture_Bwa_HiSeq.jpearson.bam.aes	123GB	Aug 10, 2016 10:11:00 PM
EGAZ00001018689_2014_ICGC_IcgcOvarian_AOCS170_1DNA_7PrimaryTumour_ICGCDBDE20131003008_IlluminaIGNOutsourcing_NoCapture_Bwa_HiSeq.jpearson.bam.aes	112GB	Aug 10, 2016 9:20:00 PM
EGAZ00001018690_2014_ICGC_130906_D81P8DQ1_0153_C2704ACXX.nopd.AOCS_061_ICGCDBDE20130916008.rsem.bam.aes	20GB	Aug 10, 2016 1:38:00 PM
EGAZ00001018691_2014_ICGC_IcgcOvarian_AOCS113_1DNA_1NormalBlood_ICGCDBPC20130205087_IlluminaIGNOutsourcing_NoCapture_Bwa_HiSeq.jpearson.bam.aes	88GB	Aug 10, 2016 6:28:00 PM
EGAZ00001018692_2014_ICGC_130906_D81P8DQ1_0153_C2704ACXX.nopd.AOCS_094_ICGCDBDE20130916019.rsem.bam.aes	47GB	Aug 10, 2016 3:05:00 PM
EGAZ00001018693_2014_ICGC_IcgcOvarian_AOCS164_1DNA_1NormalBlood_ICGCDBDE20130904008_IlluminaIGNOutsourcing_NoCapture_Bwa_HiSeq.jpearson.bam.aes	102GB	Aug 10, 2016 7:43:00 PM
EGAZ00001018694_2014_ICGC_IcgcOvarian_AOCS142_1DNA_12Ascites_ICGCDBPC20130205155_IlluminaIGNOutsourcing_NoCapture_Bwa_HiSeq.jpearson.bam.aes	120GB	Aug 10, 2016 9:59:00 PM
EGAZ00001018695_2014_ICGC_IcgcOvarian_AOCS076_1DNA_7PrimaryTumour_ICGCDBPC20130205035_IlluminaIGNOutsourcing_NoCapture_Bwa_HiSeq.jpearson.bam.aes	154GB	Aug 11, 2016 12:41:00 AM
EGAZ00001018696_2014_ICGC_IcgcOvarian_AOCS055_1DNA_1NormalBlood_ICGCDBPC20130205010_IlluminaIGNOutsourcing_NoCapture_Bwa_HiSeq.jpearson.bam.aes	111GB	Aug 10, 2016 8:26:00 PM
EGAZ00001018697_2014_ICGC_130906_D81P8DQ1_0153_C2704ACXX.nopd.AOCS_001_ICGCDBDE20130916001.rsem.bam.aes	21GB	Aug 10, 2016 1:43:00 PM
EGAZ00001018698_2014_ICGC_IcgcOvarian_AOCS159_1DNA_1NormalBlood_ICGCDBDE20130904003_IlluminaIGNOutsourcing_NoCapture_Bwa_HiSeq.jpearson.bam.aes	88GB	Aug 10, 2016 6:30:00 PM
EGAZ00001018699_2014_ICGC_131206_EXTERN_0044_AC2JWTACXX.nopd.AOCS_152_ICGCDBDE20131122022.rsem.bam.aes	25GB	Aug 10, 2016 1:10:00 PM
EGAZ00001018700_2014_ICGC_IcgcOvarian_AOCS163_1DNA_1NormalBlood_ICGCDBDE20130904007_IlluminaIGNOutsourcing_NoCapture_Bwa_HiSeq.jpearson.bam.aes	98GB	Aug 10, 2016 7:31:00 PM
EGAZ00001018701_2014_ICGC_IcgcOvarian_AOCS147_1DNA_1NormalBlood_ICGCDBPC20130205165_IlluminaIGNOutsourcing_NoCapture_Bwa_HiSeq.jpearson.bam.aes	102GB	Aug 10, 2016 9:58:00 PM
EGAZ00001018702_2014_ICGC_IcgcOvarian_AOCS153_1DNA_7PrimaryTumour_ICGCDBPC20130205176_IlluminaIGNOutsourcing_NoCapture_Bwa_HiSeq.jpearson.bam.aes	144GB	Aug 11, 2016 1:33:00 AM
EGAZ00001018703_2014_ICGC_130906_D81P8DQ1_0157_C270DACXX.nopd.AOCS_004_ICGCDBDE20130916003.rsem.bam.aes	29GB	Aug 10, 2016 4:14:00 PM
EGAZ00001018704_2014_ICGC_IcgcOvarian_AOCS083_1DNA_1NormalBlood_ICGCDBPC20130205044_IlluminaIGNOutsourcing_NoCapture_Bwa_HiSeq.jpearson.bam.aes	115GB	Aug 10, 2016 11:15:00 PM
EGAZ00001018705_2014_ICGC_140227_EXTERN_0128_AC2V5YACXX.nopd.AOCS_159_EXTERNAOCS20140227002.rsem.bam.aes	20GB	Aug 10, 2016 3:44:00 PM
EGAZ00001018706_2014_ICGC_IcgcOvarian_AOCS091_1DNA_12Ascites_ICGCDBPC20130205056_IlluminaIGNOutsourcing_NoCapture_Bwa_HiSeq.jpearson.bam.aes	141GB	Aug 11, 2016 3:22:00 AM
EGAZ00001018707_2014_ICGC_IcgcOvarian_AOCS145_1DNA_7PrimaryTumour_ICGCDBPC20130205162_IlluminaIGNOutsourcing_NoCapture_Bwa_HiSeq.jpearson.bam.aes	130GB	Aug 11, 2016 2:22:00 AM
EGAZ00001018708_2014_ICGC_IcgcOvarian_AOCS111_1DNA_7PrimaryTumour_ICGCDBPC20130205131_IlluminaIGNOutsourcing_NoCapture_Bwa_HiSeq.jpearson.bam.aes	137GB	Aug 11, 2016 3:27:00 AM
EGAZ00001018709_2014_ICGC_IcgcOvarian_AOCS112_1DNA_7PrimaryTumour_ICGCDBPC20130205133_IlluminaIGNOutsourcing_NoCapture_Bwa_HiSeq.jpearson.bam.aes	138GB	Aug 11, 2016 3:39:00 AM
EGAZ00001018710_2014_ICGC_IcgcOvarian_AOCS115_1DNA_1NormalBlood_ICGCDBPC20130205091_IlluminaIGNOutsourcing_NoCapture_Bwa_HiSeq.jpearson.bam.aes	84GB	Aug 11, 2016 12:12:00 AM
EGAZ00001018711_2014_ICGC_IcgcOvarian_AOCS163_1DNA_7PrimaryTumour_ICGCDBDE20130904017_IlluminaIGNOutsourcing_NoCapture_Bwa_HiSeq.jpearson.bam.aes	106GB	Aug 11, 2016 2:58:00 AM
EGAZ00001018712_2014_ICGC_IcgcOvarian_AOCS165_1DNA_1NormalBlood_ICGCDBDE20130904009_IlluminaTruSEQPCRFreeMultiplexedManual_NoCapture_Bwa_HiSeq.jpearson.bam.aes	80GB	Aug 11, 2016 1:21:00 AM
EGAZ00001018713_2014_ICGC_131206_EXTERN_0044_AC2JWTACXX.nopd.AOCS_090_ICGCDBDE20131122011.rsem.bam.aes	20GB	Aug 10, 2016 8:15:00 PM
EGAZ00001018714_2014_ICGC_131206_EXTERN_0044_AC2JWTACXX.nopd.AOCS_153_ICGCDBDE20131122023.rsem.bam.aes	23GB	Aug 10, 2016 10:07:00 PM
EGAZ00001018715_2014_ICGC_IcgcOvarian_AOCS158_1DNA_1NormalBlood_ICGCDBDE20130904002_IlluminaIGNOutsourcing_NoCapture_Bwa_HiSeq.jpearson.bam.aes	92GB	Aug 11, 2016 3:42:00 AM
EGAZ00001018716_2014_ICGC_130906_D81P8DQ1_0153_C2704ACXX.nopd.AOCS_055_ICGCDBDE20130916005.rsem.bam.aes	17GB	Aug 10, 2016 11:48:00 PM
EGAZ00001018717_2014_ICGC_131206_EXTERN_0045_AC2KJBACXX.nopd.AOCS_065_ICGCDBLG2010062219TR.rsem.bam.aes	22GB	Aug 11, 2016 12:17:00 AM
EGAZ00001018718_2014_ICGC_131206_EXTERN_0044_AC2JWTACXX.nopd.AOCS_141_ICGCDBDE20131122021.rsem.bam.aes	25GB	Aug 11, 2016 12:42:00 AM
EGAZ00001018719_2014_ICGC_IcgcOvarian_AOCS094_1DNA_7PrimaryTumour_ICGCDBPC20130205067_IlluminaIGNOutsourcing_NoCapture_Bwa_HiSeq.jpearson.bam.aes	108GB	Aug 11, 2016 7:30:00 AM
EGAZ00001018720_2014_ICGC_130906_D81P8DQ1_0158_D2B80ACXX.nopd.AOCS_125_ICGCDBDE20130916031.rsem.bam.aes	26GB	Aug 11, 2016 2:55:00 AM
EGAZ00001018721_2014_ICGC_IcgcOvarian_AOCS150_1DNA_12Ascites_ICGCDBDE20131003003_IlluminaIGNOutsourcing_NoCapture_Bwa_HiSeq.jpearson.bam.aes	119GB	Aug 11, 2016 8:38:00 AM
EGAZ00001018722_2014_ICGC_IcgcOvarian_AOCS065_1DNA_7PrimaryTumour_ICGCDBPC20130205031_IlluminaIGNOutsourcing_NoCapture_Bwa_HiSeq.jpearson.bam.aes	135GB	Aug 11, 2016 9:38:00 AM
EGAZ00001018723_2014_ICGC_131206_EXTERN_0045_AC2KJBACXX.nopd.AOCS_092_ICGCDBDE20131122027.rsem.bam.aes	29GB	Aug 11, 2016 3:10:00 AM
EGAZ00001018724_2014_ICGC_IcgcOvarian_AOCS171_1DNA_12Ascites_ICGCDBDE20131003012_IlluminaIGNOutsourcing_NoCapture_Bwa_HiSeq.jpearson.bam.aes	126GB	Aug 11, 2016 8:57:00 AM
EGAZ00001018725_2014_ICGC_IcgcOvarian_AOCS157_1DNA_7PrimaryTumour_ICGCDBDE20130904011_IlluminaIGNOutsourcing_NoCapture_Bwa_HiSeq.jpearson.bam.aes	103GB	Aug 11, 2016 9:05:00 AM
EGAZ00001018726_2014_ICGC_130906_D81P8DQ1_0157_C270DACXX.nopd.AOCS_126_ICGCDBDE20130916032.rsem.bam.aes	23GB	Aug 11, 2016 3:19:00 AM
EGAZ00001018727_2014_ICGC_IcgcOvarian_AOCS086_1DNA_1NormalBlood_ICGCDBPC20130205051_IlluminaIGNOutsourcing_NoCapture_Bwa_HiSeq.jpearson.bam.aes	110GB	Aug 11, 2016 9:51:00 AM
EGAZ00001018728_2014_ICGC_IcgcOvarian_AOCS004_1DNA_1NormalBlood_ICGCDBPC20130205003_IlluminaIGNOutsourcing_NoCapture_Bwa_HiSeq.jpearson.bam.aes	103GB	Aug 11, 2016 9:20:00 AM
EGAZ00001018729_2014_ICGC_IcgcOvarian_AOCS084_1DNA_1NormalBlood_ICGCDBPC20130205046_IlluminaIGNOutsourcing_NoCapture_Bwa_HiSeq.jpearson.bam.aes	110GB	Aug 11, 2016 10:19:00 AM
EGAZ00001018730_2014_ICGC_IcgcOvarian_AOCS093_1DNA_1NormalBlood_ICGCDBPC20130205063_IlluminaIGNOutsourcing_NoCapture_Bwa_HiSeq.jpearson.bam.aes	112GB	Aug 11, 2016 12:19:00 PM
EGAZ00001018731_2014_ICGC_131206_EXTERN_0043_AC29RDACXX.nopd.AOCS_080_ICGCDBLG2010102737TR.rsem.bam.aes	16GB	Aug 11, 2016 3:57:00 AM
EGAZ00001018732_2014_ICGC_IcgcOvarian_AOCS083_1DNA_7PrimaryTumour_ICGCDBPC20130205045_IlluminaIGNOutsourcing_NoCapture_Bwa_HiSeq.jpearson.bam.aes	139GB	Aug 11, 2016 2:41:00 PM
EGAZ00001018733_2014_ICGC_IcgcOvarian_AOCS153_1DNA_1NormalBlood_ICGCDBPC20130205175_IlluminaIGNOutsourcing_NoCapture_Bwa_HiSeq.jpearson.bam.aes	108GB	Aug 11, 2016 12:24:00 PM
EGAZ00001018734_2014_ICGC_IcgcOvarian_AOCS166_1DNA_1NormalBlood_ICGCDBDE20130904010_IlluminaTruSEQPCRFreeMultiplexedManual_NoCapture_Bwa_HiSeq.jpearson.bam.aes	66GB	Aug 11, 2016 8:45:00 AM
EGAZ00001018735_2014_ICGC_IcgcOvarian_AOCS057_1DNA_7PrimaryTumour_ICGCDBPC20130205015_IlluminaIGNOutsourcing_NoCapture_Bwa_HiSeq.jpearson.bam.aes	106GB	Aug 11, 2016 12:24:00 PM
EGAZ00001018736_2014_ICGC_130906_D81P8DQ1_0157_C270DACXX.nopd.AOCS_075_ICGCDBDE20130916010.rsem.bam.aes	22GB	Aug 11, 2016 5:39:00 AM
EGAZ00001018737_2014_ICGC_IcgcOvarian_AOCS145_1DNA_1NormalBlood_ICGCDBPC20130205161_IlluminaIGNOutsourcing_NoCapture_Bwa_HiSeq.jpearson.bam.aes	172GB	Aug 11, 2016 6:11:00 PM
EGAZ00001018738_2014_ICGC_IcgcOvarian_AOCS143_1DNA_1NormalBlood_ICGCDBPC20130205157_IlluminaIGNOutsourcing_NoCapture_Bwa_HiSeq.jpearson.bam.aes	92GB	Aug 11, 2016 11:51:00 AM
EGAZ00001018739_2014_ICGC_IcgcOvarian_AOCS079_1DNA_7PrimaryTumour_ICGCDBPC20130205039_IlluminaIGNOutsourcing_NoCapture_Bwa_HiSeq.jpearson.bam.aes	146GB	Aug 11, 2016 4:28:00 PM
EGAZ00001018740_2014_ICGC_130906_D81P8DQ1_0153_C2704ACXX.nopd.AOCS_111_ICGCDBDE20130916025.rsem.bam.aes	23GB	Aug 11, 2016 8:33:00 AM
EGAZ00001018741_2014_ICGC_131206_EXTERN_0045_AC2KJBACXX.nopd.AOCS_147_ICGCDBDE20131122035.rsem.bam.aes	24GB	Aug 11, 2016 9:54:00 AM
EGAZ00001018742_2014_ICGC_130906_D81P8DQ1_0158_D2B80ACXX.nopd.AOCS_084_ICGCDBDE20130916017.rsem.bam.aes	27GB	Aug 11, 2016 9:27:00 AM
EGAZ00001018743_2014_ICGC_140227_EXTERN_0128_AC2V5YACXX.nopd.AOCS_161_EXTERNAOCS20140227003.rsem.bam.aes	19GB	Aug 11, 2016 11:46:00 AM
EGAZ00001018744_2014_ICGC_IcgcOvarian_AOCS004_1DNA_7PrimaryTumour_ICGCDBPC20130205004_IlluminaIGNOutsourcing_NoCapture_Bwa_HiSeq.jpearson.bam.aes	138GB	Aug 11, 2016 6:52:00 PM
EGAZ00001018745_2014_ICGC_131206_EXTERN_0044_AC2JWTACXX.nopd.AOCS_088_ICGCDBLG2010102761FR.rsem.bam.aes	22GB	Aug 11, 2016 11:12:00 AM
EGAZ00001018746_2014_ICGC_140227_EXTERN_0128_AC2V5YACXX.nopd.AOCS_167_EXTERNAOCS20140227013.rsem.bam.aes	19GB	Aug 11, 2016 10:58:00 AM
EGAZ00001018747_2014_ICGC_130906_D81P8DQ1_0157_C270DACXX.nopd.AOCS_059_ICGCDBDE20130916006.rsem.bam.aes	26GB	Aug 11, 2016 4:22:00 PM
EGAZ00001018748_2014_ICGC_131206_EXTERN_0044_AC2JWTACXX.nopd.AOCS_107_ICGCDBDE20131122014.rsem.bam.aes	23GB	Aug 11, 2016 3:16:00 PM
EGAZ00001018749_2014_ICGC_IcgcOvarian_AOCS105_1DNA_7PrimaryTumour_ICGCDBPC20130205078_IlluminaIGNOutsourcing_NoCapture_Bwa_HiSeq.jpearson.bam.aes	130GB	Aug 11, 2016 6:26:00 PM
EGAZ00001018750_2014_ICGC_IcgcOvarian_AOCS096_1DNA_7PrimaryTumour_ICGCDBPC20130205072_IlluminaIGNOutsourcing_NoCapture_Bwa_HiSeq.jpearson.bam.aes	137GB	Aug 11, 2016 7:08:00 PM
EGAZ00001018751_2014_ICGC_131206_EXTERN_0043_AC29RDACXX.nopd.AOCS_095_ICGCDBDE20131122003.rsem.bam.aes	26GB	Aug 11, 2016 3:31:00 PM
EGAZ00001018752_2014_ICGC_IcgcOvarian_AOCS135_1DNA_12Ascites_ICGCDBPC20130205137_IlluminaIGNOutsourcing_NoCapture_Bwa_HiSeq.jpearson.bam.aes	119GB	Aug 11, 2016 5:37:00 PM
EGAZ00001018753_2014_ICGC_IcgcOvarian_AOCS132_1DNA_7PrimaryTumour_ICGCDBPC20130205120_IlluminaIGNOutsourcing_NoCapture_Bwa_HiSeq.jpearson.bam.aes	133GB	Aug 11, 2016 8:32:00 PM
EGAZ00001018754_2014_ICGC_IcgcOvarian_AOCS164_1DNA_7PrimaryTumour_ICGCDBDE20130904018_IlluminaIGNOutsourcing_NoCapture_Bwa_HiSeq.jpearson.bam.aes	130GB	Aug 11, 2016 8:37:00 PM
EGAZ00001018755_2014_ICGC_131206_EXTERN_0046_BC2GHAACXX.nopd.AOCS_139_ICGCDBDE20131122036.rsem.bam.aes	31GB	Aug 10, 2016 2:34:00 PM
EGAZ00001018756_2014_ICGC_IcgcOvarian_AOCS114_1DNA_7PrimaryTumour_ICGCDBPC20130205090_IlluminaIGNOutsourcing_NoCapture_Bwa_HiSeq.jpearson.bam.aes	136GB	Aug 11, 2016 9:01:00 PM
EGAZ00001018757_2014_ICGC_131206_EXTERN_0045_AC2KJBACXX.nopd.AOCS_130_ICGCDBDE20131122030.rsem.bam.aes	22GB	Aug 10, 2016 12:57:00 PM
EGAZ00001018758_2014_ICGC_130906_D81P8DQ1_0157_C270DACXX.nopd.AOCS_137_ICGCDBDE20130916037.rsem.bam.aes	23GB	Aug 10, 2016 3:59:00 PM
EGAZ00001018759_2014_ICGC_131206_EXTERN_0045_AC2KJBACXX.nopd.AOCS_091_ICGCDBDE20131122026.rsem.bam.aes	27GB	Aug 10, 2016 3:13:00 PM
EGAZ00001018760_2014_ICGC_IcgcOvarian_AOCS092_1DNA_1NormalBlood_ICGCDBPC20130205060_IlluminaIGNOutsourcing_NoCapture_Bwa_HiSeq.jpearson.bam.aes	108GB	Aug 11, 2016 6:57:00 PM
EGAZ00001018761_2014_ICGC_IcgcOvarian_AOCS108_1DNA_7PrimaryTumour_ICGCDBPC20130607005_IlluminaIGNOutsourcing_NoCapture_Bwa_HiSeq.jpearson.bam.aes	115GB	Aug 11, 2016 11:43:00 PM
EGAZ00001018762_2014_ICGC_IcgcOvarian_AOCS139_1DNA_16TumourMetastasisToDistantLocation_ICGCDBDE20130729001_IlluminaIGNOutsourcing_NoCapture_Bwa_HiSeq.jpearson.bam.aes	127GB	Aug 10, 2016 10:28:00 PM
EGAZ00001018763_2014_ICGC_140227_EXTERN_0129_BC2TLKACXX.nopd.AOCS_170_EXTERNAOCS20140227017.rsem.bam.aes	25GB	Aug 10, 2016 3:12:00 PM
EGAZ00001018764_2014_ICGC_IcgcOvarian_AOCS148_1DNA_7PrimaryTumour_ICGCDBPC20130205168_IlluminaIGNOutsourcing_NoCapture_Bwa_HiSeq.jpearson.bam.aes	131GB	Aug 10, 2016 10:45:00 PM
EGAZ00001018765_2014_ICGC_IcgcOvarian_AOCS085_1DNA_7PrimaryTumour_ICGCDBPC20130205049_IlluminaIGNOutsourcing_NoCapture_Bwa_HiSeq.jpearson.bam.aes	139GB	Aug 10, 2016 11:03:00 PM
EGAZ00001018766_2014_ICGC_IcgcOvarian_AOCS034_1DNA_12Ascites_ICGCDBPC20130205007_IlluminaIGNOutsourcing_NoCapture_Bwa_HiSeq.jpearson.bam.aes	147GB	Aug 11, 2016 12:03:00 AM
EGAZ00001018767_2014_ICGC_IcgcOvarian_AOCS079_1DNA_1NormalBlood_ICGCDBPC20130205038_IlluminaIGNOutsourcing_NoCapture_Bwa_HiSeq.jpearson.bam.aes	112GB	Aug 10, 2016 10:40:00 PM
EGAZ00001018768_2014_ICGC_IcgcOvarian_AOCS080_1DNA_7PrimaryTumour_ICGCDBPC20130205041_IlluminaIGNOutsourcing_NoCapture_Bwa_HiSeq.jpearson.bam.aes	137GB	Aug 11, 2016 1:29:00 AM
EGAZ00001018769_2014_ICGC_IcgcOvarian_AOCS113_1DNA_7PrimaryTumour_ICGCDBPC20130205088_IlluminaIGNOutsourcing_NoCapture_Bwa_HiSeq.jpearson.bam.aes	132GB	Aug 11, 2016 12:21:00 AM
EGAZ00001018770_2014_ICGC_IcgcOvarian_AOCS076_1DNA_1NormalBlood_ICGCDBPC20130205034_IlluminaIGNOutsourcing_NoCapture_Bwa_HiSeq.jpearson.bam.aes	110GB	Aug 10, 2016 10:36:00 PM
EGAZ00001018771_2014_ICGC_IcgcOvarian_AOCS142_1DNA_1NormalBlood_ICGCDBPC20130205156_IlluminaIGNOutsourcing_NoCapture_Bwa_HiSeq.jpearson.bam.aes	92GB	Aug 11, 2016 3:50:00 AM
EGAZ00001018772_2014_ICGC_IcgcOvarian_AOCS109_1DNA_7PrimaryTumour_ICGCDBPC20130205086_IlluminaIGNOutsourcing_NoCapture_Bwa_HiSeq.jpearson.bam.aes	145GB	Aug 11, 2016 8:03:00 AM
EGAZ00001018773_2014_ICGC_IcgcOvarian_AOCS167_1DNA_12Ascites_ICGCDBDE20130904028_IlluminaIGNOutsourcing_NoCapture_Bwa_HiSeq.jpearson.bam.aes	122GB	Aug 11, 2016 6:19:00 AM
EGAZ00001018774_2014_ICGC_131206_EXTERN_0043_AC29RDACXX.nopd.AOCS_093_ICGCDBDE20131122002.rsem.bam.aes	24GB	Aug 10, 2016 10:04:00 PM
EGAZ00001018775_2014_ICGC_IcgcOvarian_AOCS120_1DNA_1NormalBlood_ICGCDBPC20130205100_IlluminaIGNOutsourcing_NoCapture_Bwa_HiSeq.jpearson.bam.aes	114GB	Aug 11, 2016 5:59:00 AM
EGAZ00001018776_2014_ICGC_IcgcOvarian_AOCS060_1DNA_1NormalBlood_ICGCDBPC20130205020_IlluminaIGNOutsourcing_NoCapture_Bwa_HiSeq.jpearson.bam.aes	97GB	Aug 11, 2016 5:02:00 AM
EGAZ00001018777_2014_ICGC_130906_D81P8DQ1_0153_C2704ACXX.nopd.AOCS_002_ICGCDBDE20130916002.rsem.bam.aes	19GB	Aug 10, 2016 10:00:00 PM
EGAZ00001018778_2014_ICGC_IcgcOvarian_AOCS146_1DNA_1NormalBlood_ICGCDBPC20130205163_IlluminaIGNOutsourcing_NoCapture_Bwa_HiSeq.jpearson.bam.aes	101GB	Aug 11, 2016 5:32:00 AM
EGAZ00001018779_2014_ICGC_IcgcOvarian_AOCS168_1DNA_7PrimaryTumour_ICGCDBDE20131003004_IlluminaIGNOutsourcing_NoCapture_Bwa_HiSeq.jpearson.bam.aes	113GB	Aug 11, 2016 6:16:00 AM
EGAZ00001018780_2014_ICGC_131206_EXTERN_0043_AC29RDACXX.nopd.AOCS_145_ICGCDBDE20131122006.rsem.bam.aes	26GB	Aug 11, 2016 1:21:00 AM
EGAZ00001018781_2014_ICGC_131206_EXTERN_0044_AC2JWTACXX.nopd.AOCS_123_ICGCDBDE20131122019.rsem.bam.aes	25GB	Aug 11, 2016 12:32:00 AM
EGAZ00001018782_2014_ICGC_140227_EXTERN_0128_AC2V5YACXX.nopd.AOCS_093_EXTERNAOCS20140227001.rsem.bam.aes	17GB	Aug 11, 2016 12:07:00 AM
EGAZ00001018783_2014_ICGC_IcgcOvarian_AOCS104_1DNA_1NormalBlood_ICGCDBPC20130205075_IlluminaIGNOutsourcing_NoCapture_Bwa_HiSeq.jpearson.bam.aes	91GB	Aug 11, 2016 6:34:00 AM
EGAZ00001018784_2014_ICGC_IcgcOvarian_AOCS005_1DNA_1NormalBlood_ICGCDBPC20130205005_IlluminaIGNOutsourcing_NoCapture_Bwa_HiSeq.jpearson.bam.aes	104GB	Aug 11, 2016 7:41:00 AM
EGAZ00001018785_2014_ICGC_140227_EXTERN_0128_AC2V5YACXX.nopd.AOCS_171_EXTERNAOCS20140227015.rsem.bam.aes	21GB	Aug 11, 2016 2:21:00 AM
EGAZ00001018786_2014_ICGC_IcgcOvarian_AOCS124_1DNA_7PrimaryTumour_ICGCDBPC20130205106_IlluminaIGNOutsourcing_NoCapture_Bwa_HiSeq.jpearson.bam.aes	120GB	Aug 11, 2016 9:21:00 AM
EGAZ00001018787_2014_ICGC_IcgcOvarian_AOCS137_1DNA_1NormalBlood_ICGCDBPC20130205144_IlluminaIGNOutsourcing_NoCapture_Bwa_HiSeq.jpearson.bam.aes	94GB	Aug 11, 2016 7:20:00 AM
EGAZ00001018788_2014_ICGC_IcgcOvarian_AOCS095_1DNA_7PrimaryTumour_ICGCDBPC20130607007_IlluminaIGNOutsourcing_NoCapture_Bwa_HiSeq.jpearson.bam.aes	115GB	Aug 11, 2016 10:45:00 AM
EGAZ00001018789_2014_ICGC_130906_D81P8DQ1_0153_C2704ACXX.nopd.AOCS_063_ICGCDBDE20130916009.rsem.bam.aes	17GB	Aug 11, 2016 3:01:00 AM
EGAZ00001018790_2014_ICGC_IcgcOvarian_AOCS107_1DNA_1NormalBlood_ICGCDBPC20130205081_IlluminaIGNOutsourcing_NoCapture_Bwa_HiSeq.jpearson.bam.aes	103GB	Aug 11, 2016 9:52:00 AM
EGAZ00001018791_2014_ICGC_IcgcOvarian_AOCS138_1DNA_1NormalBlood_ICGCDBPC20130607010_IlluminaIGNOutsourcing_NoCapture_Bwa_HiSeq.jpearson.bam.aes	116GB	Aug 11, 2016 10:45:00 AM
EGAZ00001018792_2014_ICGC_IcgcOvarian_AOCS097_1DNA_7PrimaryTumour_ICGCDBPC20130205074_IlluminaIGNOutsourcing_NoCapture_Bwa_HiSeq.jpearson.bam.aes	127GB	Aug 11, 2016 12:13:00 PM
EGAZ00001018793_2014_ICGC_131206_EXTERN_0045_AC2KJBACXX.nopd.AOCS_092_ICGCDBDE20131122028.rsem.bam.aes	23GB	Aug 11, 2016 4:45:00 AM
EGAZ00001018794_2014_ICGC_IcgcOvarian_AOCS166_1DNA_7PrimaryTumour_ICGCDBDE20130904020_IlluminaIGNOutsourcing_NoCapture_Bwa_HiSeq.jpearson.bam.aes	115GB	Aug 11, 2016 2:16:00 PM
EGAZ00001018795_2014_ICGC_131206_EXTERN_0046_BC2GHAACXX.nopd.AOCS_155_ICGCDBDE20131122043.rsem.bam.aes	25GB	Aug 11, 2016 6:28:00 AM
EGAZ00001018796_2014_ICGC_IcgcOvarian_AOCS144_1DNA_7PrimaryTumour_ICGCDBPC20130205160_IlluminaIGNOutsourcing_NoCapture_Bwa_HiSeq.jpearson.bam.aes	146GB	Aug 11, 2016 4:42:00 PM
EGAZ00001018797_2014_ICGC_131206_EXTERN_0045_AC2KJBACXX.nopd.AOCS_144_ICGCDBDE20131122034.rsem.bam.aes	25GB	Aug 11, 2016 7:33:00 AM
EGAZ00001018798_2014_ICGC_131206_EXTERN_0043_AC29RDACXX.nopd.AOCS_093_ICGCDBDE20131122001.rsem.bam.aes	23GB	Aug 11, 2016 8:26:00 AM
EGAZ00001018799_2014_ICGC_IcgcOvarian_AOCS132_1DNA_1NormalBlood_ICGCDBPC20130205119_IlluminaIGNOutsourcing_NoCapture_Bwa_HiSeq.jpearson.bam.aes	109GB	Aug 11, 2016 2:49:00 PM
EGAZ00001018800_2014_ICGC_IcgcOvarian_AOCS157_1DNA_1NormalBlood_ICGCDBDE20130904001_IlluminaIGNOutsourcing_NoCapture_Bwa_HiSeq.jpearson.bam.aes	86GB	Aug 11, 2016 1:18:00 PM
EGAZ00001018801_2014_ICGC_IcgcOvarian_AOCS128_1DNA_7PrimaryTumour_ICGCDBPC20130205112_IlluminaIGNOutsourcing_NoCapture_Bwa_HiSeq.jpearson.bam.aes	122GB	Aug 11, 2016 6:15:00 PM
EGAZ00001018802_2014_ICGC_IcgcOvarian_AOCS111_1DNA_1NormalBlood_ICGCDBPC20130205130_IlluminaIGNOutsourcing_NoCapture_Bwa_HiSeq.jpearson.bam.aes	92GB	Aug 11, 2016 3:46:00 PM
EGAZ00001018803_2014_ICGC_IcgcOvarian_AOCS139_1DNA_16TumourMetastasisToDistantLocation_ICGCDBDE20130729003_IlluminaIGNOutsourcing_NoCapture_Bwa_HiSeq.jpearson.bam.aes	108GB	Aug 11, 2016 5:09:00 PM
EGAZ00001018804_2014_ICGC_131206_EXTERN_0044_AC2JWTACXX.nopd.AOCS_104_ICGCDBDE20131122012.rsem.bam.aes	22GB	Aug 11, 2016 10:56:00 AM
EGAZ00001018805_2014_ICGC_IcgcOvarian_AOCS060_1DNA_7PrimaryTumour_ICGCDBPC20130205021_IlluminaIGNOutsourcing_NoCapture_Bwa_HiSeq.jpearson.bam.aes	137GB	Aug 11, 2016 7:49:00 PM
EGAZ00001018806_2014_ICGC_IcgcOvarian_AOCS063_1DNA_1NormalBlood_ICGCDBPC20130205024_IlluminaIGNOutsourcing_NoCapture_Bwa_HiSeq.jpearson.bam.aes	108GB	Aug 11, 2016 5:37:00 PM
EGAZ00001018807_2014_ICGC_IcgcOvarian_AOCS125_1DNA_7PrimaryTumour_ICGCDBPC20130205108_IlluminaIGNOutsourcing_NoCapture_Bwa_HiSeq.jpearson.bam.aes	130GB	Aug 11, 2016 7:23:00 PM
EGAZ00001018808_2014_ICGC_130906_D81P8DQ1_0153_C2704ACXX.nopd.AOCS_096_ICGCDBDE20130916021.rsem.bam.aes	19GB	Aug 11, 2016 10:14:00 AM
EGAZ00001018809_2014_ICGC_130906_D81P8DQ1_0157_C270DACXX.nopd.AOCS_138_ICGCDBDE20130916038.rsem.bam.aes	24GB	Aug 11, 2016 11:56:00 AM
EGAZ00001018810_2014_ICGC_IcgcOvarian_AOCS137_1DNA_12Ascites_ICGCDBPC20130205145_IlluminaIGNOutsourcing_NoCapture_Bwa_HiSeq.jpearson.bam.aes	169GB	Aug 12, 2016 12:08:00 AM
EGAZ00001018811_2014_ICGC_IcgcOvarian_AOCS095_1DNA_1NormalBlood_ICGCDBPC20130205069_IlluminaIGNOutsourcing_NoCapture_Bwa_HiSeq.jpearson.bam.aes	98GB	Aug 11, 2016 6:26:00 PM
EGAZ00001018812_2014_ICGC_IcgcOvarian_AOCS058_1DNA_7PrimaryTumour_ICGCDBPC20130205017_IlluminaIGNOutsourcing_NoCapture_Bwa_HiSeq.jpearson.bam.aes	146GB	Aug 11, 2016 10:39:00 PM
EGAZ00001018813_2014_ICGC_IcgcOvarian_AOCS112_1DNA_1NormalBlood_ICGCDBPC20130205132_IlluminaIGNOutsourcing_NoCapture_Bwa_HiSeq.jpearson.bam.aes	95GB	Aug 11, 2016 6:40:00 PM
EGAZ00001018814_2014_ICGC_131206_EXTERN_0043_AC29RDACXX.nopd.AOCS_086_ICGCDBLG2010102759FR.rsem.bam.aes	30GB	Aug 11, 2016 1:16:00 PM
EGAZ00001018815_2014_ICGC_IcgcOvarian_AOCS056_1DNA_7PrimaryTumour_ICGCDBPC20130205013_IlluminaIGNOutsourcing_NoCapture_Bwa_HiSeq.jpearson.bam.aes	134GB	Aug 11, 2016 10:08:00 PM
EGAZ00001018816_2014_ICGC_IcgcOvarian_AOCS159_1DNA_7PrimaryTumour_ICGCDBDE20130904013_IlluminaIGNOutsourcing_NoCapture_Bwa_HiSeq.jpearson.bam.aes	102GB	Aug 11, 2016 7:38:00 PM
EGAZ00001018817_2014_ICGC_IcgcOvarian_AOCS092_1DNA_12Ascites_ICGCDBPC20130205059_IlluminaIGNOutsourcing_NoCapture_Bwa_HiSeq.jpearson.bam.aes	145GB	Aug 11, 2016 10:59:00 PM
EGAZ00001018818_2014_ICGC_IcgcOvarian_AOCS169_1DNA_7PrimaryTumour_ICGCDBDE20131003006_IlluminaIGNOutsourcing_NoCapture_Bwa_HiSeq.jpearson.bam.aes	106GB	Aug 11, 2016 7:52:00 PM
EGAZ00001018819_2014_ICGC_130906_D81P8DQ1_0158_D2B80ACXX.nopd.AOCS_112_ICGCDBDE20130916026.rsem.bam.aes	28GB	Aug 11, 2016 4:36:00 PM
EGAZ00001018820_2014_ICGC_131206_EXTERN_0045_AC2KJBACXX.nopd.AOCS_091_ICGCDBDE20131122025.rsem.bam.aes	24GB	Aug 11, 2016 5:02:00 PM
EGAZ00001018821_2014_ICGC_130906_D81P8DQ1_0157_C270DACXX.nopd.AOCS_114_ICGCDBDE20130916027.rsem.bam.aes	29GB	Aug 11, 2016 5:17:00 PM
EGAZ00001018822_2014_ICGC_IcgcOvarian_AOCS130_1DNA_7PrimaryTumour_ICGCDBPC20130205116_IlluminaIGNOutsourcing_NoCapture_Bwa_HiSeq.jpearson.bam.aes	126GB	Aug 11, 2016 9:37:00 PM
EGAZ00001018823_2014_ICGC_IcgcOvarian_AOCS056_1DNA_1NormalBlood_ICGCDBPC20130205012_IlluminaIGNOutsourcing_NoCapture_Bwa_HiSeq.jpearson.bam.aes	107GB	Aug 11, 2016 8:08:00 PM
EGAZ00001018824_2014_ICGC_131206_EXTERN_0045_AC2KJBACXX.nopd.AOCS_034_ICGCDBLG2010050402TR.rsem.bam.aes	23GB	Aug 11, 2016 7:56:00 PM
EGAZ00001018825_2014_ICGC_IcgcOvarian_AOCS117_1DNA_12Ascites_ICGCDBPC20130714001_IlluminaIGNOutsourcing_NoCapture_Bwa_HiSeq.jpearson.bam.aes	109GB	Aug 11, 2016 8:22:00 PM
EGAZ00001018826_2014_ICGC_IcgcOvarian_AOCS131_1DNA_1NormalBlood_ICGCDBPC20130205117_IlluminaIGNOutsourcing_NoCapture_Bwa_HiSeq.jpearson.bam.aes	116GB	Aug 12, 2016 1:15:00 AM
EGAZ00001018827_2014_ICGC_IcgcOvarian_AOCS114_1DNA_1NormalBlood_ICGCDBPC20130205089_IlluminaIGNOutsourcing_NoCapture_Bwa_HiSeq.jpearson.bam.aes	106GB	Aug 12, 2016 12:05:00 AM
EGAZ00001018828_2014_ICGC_IcgcOvarian_AOCS149_1DNA_7PrimaryTumour_ICGCDBPC20130205170_IlluminaIGNOutsourcing_NoCapture_Bwa_HiSeq.jpearson.bam.aes	134GB	Aug 12, 2016 2:59:00 AM
EGAZ00001018829_2014_ICGC_IcgcOvarian_AOCS005_1DNA_7PrimaryTumour_ICGCDBPC20130205006_IlluminaIGNOutsourcing_NoCapture_Bwa_HiSeq.jpearson.bam.aes	129GB	Aug 12, 2016 2:45:00 AM
EGAZ00001018830_2014_ICGC_131206_EXTERN_0044_AC2JWTACXX.nopd.AOCS_115_ICGCDBDE20131122017.rsem.bam.aes	24GB	Aug 11, 2016 7:11:00 PM
EGAZ00001018831_2014_ICGC_IcgcOvarian_AOCS171_1DNA_1NormalBlood_ICGCDBDE20131003013_IlluminaIGNOutsourcing_NoCapture_Bwa_HiSeq.jpearson.bam.aes	92GB	Aug 12, 2016 1:37:00 AM
EGAZ00001018832_2014_ICGC_131206_EXTERN_0043_AC29RDACXX.nopd.AOCS_148_ICGCDBDE20131122008.rsem.bam.aes	23GB	Aug 11, 2016 8:03:00 PM
EGAZ00001018833_2014_ICGC_IcgcOvarian_AOCS086_1DNA_7PrimaryTumour_ICGCDBPC20130205052_IlluminaIGNOutsourcing_NoCapture_Bwa_HiSeq.jpearson.bam.aes	132GB	Aug 12, 2016 4:53:00 AM
